dates,Inflation,Goods,Services
1969-01-01,,,
1969-02-01,,,
1969-03-01,,,
1969-04-01,,,
1969-05-01,,,
1969-06-01,,,
1969-07-01,,,
1969-08-01,,,
1969-09-01,,,
1969-10-01,,,
1969-11-01,,,
1969-12-01,,,
1970-01-01,5.555555555555558,,
1970-02-01,5.555555555555558,,
1970-03-01,5.555555555555558,,
1970-04-01,5.555555555555558,,
1970-05-01,0.0,,
1970-06-01,5.555555555555558,,
1970-07-01,5.555555555555558,,
1970-08-01,5.555555555555558,,
1970-09-01,11.111111111111116,,
1970-10-01,11.111111111111116,,
1970-11-01,11.111111111111116,,
1970-12-01,11.111111111111116,,
1971-01-01,10.526315789473673,,
1971-02-01,10.526315789473673,,
1971-03-01,15.789473684210531,,
1971-04-01,15.789473684210531,,
1971-05-01,15.789473684210531,,
1971-06-01,15.789473684210531,,
1971-07-01,21.052631578947366,,
1971-08-01,21.052631578947366,,
1971-09-01,14.999999999999991,,
1971-10-01,14.999999999999991,,
1971-11-01,19.999999999999996,,
1971-12-01,19.999999999999996,,
1972-01-01,14.28571428571428,,
1972-02-01,19.047619047619047,,
1972-03-01,9.090909090909083,,
1972-04-01,13.636363636363624,,
1972-05-01,13.636363636363624,,
1972-06-01,13.636363636363624,,
1972-07-01,8.695652173913038,,
1972-08-01,8.695652173913038,,
1972-09-01,13.043478260869556,,
1972-10-01,13.043478260869556,,
1972-11-01,8.333333333333325,,
1972-12-01,8.333333333333325,,
1973-01-01,12.5,,
1973-02-01,8.000000000000007,,
1973-03-01,12.5,,
1973-04-01,15.999999999999993,,
1973-05-01,15.999999999999993,,
1973-06-01,15.999999999999993,,
1973-07-01,15.999999999999993,,
1973-08-01,19.999999999999996,,
1973-09-01,15.384615384615374,,
1973-10-01,19.23076923076925,,
1973-11-01,19.23076923076925,,
1973-12-01,19.23076923076925,,
1974-01-01,14.814814814814813,,
1974-02-01,14.814814814814813,,
1974-03-01,18.518518518518533,,
1974-04-01,13.793103448275868,,
1974-05-01,13.793103448275868,,
1974-06-01,13.793103448275868,,
1974-07-01,13.793103448275868,,
1974-08-01,13.333333333333353,,
1974-09-01,16.666666666666675,,
1974-10-01,16.129032258064523,,
1974-11-01,16.129032258064523,,
1974-12-01,16.129032258064523,,
1975-01-01,19.354838709677423,,
1975-02-01,22.580645161290324,,
1975-03-01,21.87499999999998,,
1975-04-01,21.212121212121215,,
1975-05-01,21.212121212121215,,
1975-06-01,21.212121212121215,,
1975-07-01,18.181818181818187,,
1975-08-01,14.705882352941169,,
1975-09-01,17.14285714285715,,
1975-10-01,16.666666666666675,,
1975-11-01,16.666666666666675,,
1975-12-01,19.444444444444443,,
1976-01-01,18.918918918918926,,
1976-02-01,18.421052631578938,,
1976-03-01,17.948717948717952,,
1976-04-01,14.999999999999991,,
1976-05-01,19.999999999999996,,
1976-06-01,12.5,,
1976-07-01,17.948717948717952,,
1976-08-01,17.948717948717952,,
1976-09-01,17.073170731707332,,
1976-10-01,16.66666666666665,,
1976-11-01,19.047619047619047,,
1976-12-01,16.279069767441868,,
1977-01-01,15.909090909090917,,
1977-02-01,13.333333333333353,,
1977-03-01,15.217391304347828,,
1977-04-01,17.391304347826075,,
1977-05-01,16.66666666666665,,
1977-06-01,22.222222222222232,,
1977-07-01,23.913043478260864,,
1977-08-01,28.260869565217384,,
1977-09-01,41.66666666666667,,
1977-10-01,40.816326530612244,,
1977-11-01,44.000000000000014,,
1977-12-01,44.000000000000014,,
1978-01-01,45.09803921568627,,
1978-02-01,49.01960784313726,,
1978-03-01,49.05660377358492,,
1978-04-01,51.85185185185184,,
1978-05-01,51.7857142857143,,
1978-06-01,52.727272727272734,,
1978-07-01,56.14035087719298,,
1978-08-01,49.152542372881356,,
1978-09-01,36.76470588235294,,
1978-10-01,37.681159420289866,,
1978-11-01,37.5,,
1978-12-01,36.11111111111109,,
1979-01-01,39.18918918918921,,
1979-02-01,38.15789473684208,,
1979-03-01,39.240506329113934,,
1979-04-01,47.5609756097561,,
1979-05-01,47.058823529411775,,
1979-06-01,55.952380952380935,,
1979-07-01,57.30337078651686,,
1979-08-01,65.90909090909089,,
1979-09-01,67.74193548387095,,
1979-10-01,75.78947368421053,,
1979-11-01,71.71717171717171,,
1979-12-01,81.63265306122449,,
1980-01-01,90.29126213592231,,
1980-02-01,126.6666666666667,,
1980-03-01,134.54545454545453,,
1980-04-01,125.61983471074379,,
1980-05-01,140.79999999999998,,
1980-06-01,125.95419847328246,,
1980-07-01,115.71428571428571,,
1980-08-01,108.21917808219182,,
1980-09-01,101.28205128205127,,
1980-10-01,95.20958083832333,,
1980-11-01,94.70588235294119,,
1980-12-01,86.51685393258428,,
1981-01-01,82.65306122448979,,
1981-02-01,54.20168067226889,,
1981-03-01,41.86046511627908,,
1981-04-01,36.630036630036635,,
1981-05-01,26.578073089700993,,
1981-06-01,29.054054054054056,,
1981-07-01,34.105960264900645,,
1981-08-01,33.22368421052631,,
1981-09-01,33.12101910828025,,
1981-10-01,30.368098159509227,,
1981-11-01,28.70090634441087,,
1981-12-01,30.12048192771084,,
1982-01-01,31.28491620111733,,
1982-02-01,31.062670299727515,,
1982-03-01,34.42622950819671,,
1982-04-01,32.975871313672926,,
1982-05-01,30.708661417322823,,
1982-06-01,32.460732984293195,,
1982-07-01,26.419753086419774,,
1982-08-01,28.148148148148167,,
1982-09-01,27.990430622009566,,
1982-10-01,29.176470588235293,,
1982-11-01,31.924882629107977,,
1982-12-01,34.49074074074075,,
1983-01-01,28.936170212765955,,
1983-02-01,29.10602910602911,,
1983-03-01,28.861788617886177,,
1983-04-01,29.63709677419355,,
1983-05-01,29.919678714859433,,
1983-06-01,29.64426877470354,,
1983-07-01,29.49218749999998,,
1983-08-01,30.635838150289008,,
1983-09-01,30.841121495327116,,
1983-10-01,34.244080145719494,,
1983-11-01,36.12099644128113,,
1983-12-01,37.17728055077452,,
1984-01-01,35.973597359735976,,
1984-02-01,34.78260869565217,,
1984-03-01,36.1198738170347,,
1984-04-01,42.61275272161742,,
1984-05-01,48.53168469860898,,
1984-06-01,56.09756097560976,,
1984-07-01,55.80693815987936,,
1984-08-01,56.194690265486734,,
1984-09-01,54.42857142857142,,
1984-10-01,53.05291723202173,,
1984-11-01,53.07189542483661,,
1984-12-01,49.68632371392723,,
1985-01-01,52.79126213592231,,
1985-02-01,55.43608124253285,,
1985-03-01,57.93742757821552,,
1985-04-01,49.94547437295529,,
1985-05-01,46.51404786680542,,
1985-06-01,36.42578124999998,,
1985-07-01,37.17328170377541,,
1985-08-01,37.20491029272899,,
1985-09-01,40.79555966697501,,
1985-10-01,43.439716312056746,,
1985-11-01,44.57728437233135,,
1985-12-01,44.17435037720034,,
1986-01-01,40.984908657664796,,
1986-02-01,38.816295157571076,,
1986-03-01,34.26265590608952,,
1986-04-01,33.60000000000001,,
1986-05-01,32.88352272727273,,
1986-06-01,37.15103793843952,,
1986-07-01,37.75582215949187,,
1986-08-01,35.51273227804541,,
1986-09-01,32.45729303547964,,
1986-10-01,33.62175525339926,,
1986-11-01,30.596574128765507,,
1986-12-01,30.69767441860465,,
1987-01-01,30.36619718309861,,
1987-02-01,31.56146179401993,,
1987-03-01,34.699453551912555,,
1987-04-01,37.01687534022864,,
1987-05-01,41.154462854088706,,
1987-06-01,37.68267223382047,,
1987-07-01,37.75614754098362,,
1987-08-01,38.9029964448959,,
1987-09-01,39.63293650793651,,
1987-10-01,36.44773358001849,,
1987-11-01,41.74581637268204,,
1987-12-01,55.02669039145906,,
1988-01-01,64.21780466724285,,
1988-02-01,65.90909090909089,,
1988-03-01,68.76267748478702,,
1988-04-01,75.60588001589194,,
1988-05-01,73.15410829231352,,
1988-06-01,74.90523123578467,,
1988-07-01,74.30271476385273,,
1988-08-01,75.46617915904936,,
1988-09-01,80.5683836589698,,
1988-10-01,81.93220338983052,,
1988-11-01,80.40842373962987,,
1988-12-01,66.22668579626973,,
1989-01-01,62.5,,
1989-02-01,64.1298833079655,,
1989-03-01,60.24038461538461,,
1989-04-01,60.20361990950225,,
1989-05-01,59.56702383555652,,
1989-06-01,61.46510619852621,,
1989-07-01,63.772135694474066,,
1989-08-01,65.59699937486978,,
1989-09-01,65.13869761951602,,
1989-10-01,66.07043040804919,,
1989-11-01,64.50300672090555,,
1989-12-01,64.26721905748316,,
1990-01-01,60.03238866396763,,
1990-02-01,59.4899536321484,,
1990-03-01,62.82628262826282,,
1990-04-01,63.465612201666445,,
1990-05-01,63.601480060298776,,
1990-06-01,62.550335570469805,,
1990-07-01,56.30536737884315,,
1990-08-01,54.82572039763431,,
1990-09-01,59.32809149392422,,
1990-10-01,60.3051722203523,,
1990-11-01,61.315987528222784,,
1990-12-01,60.42454812946616,,
1991-01-01,61.991499696417726,,
1991-02-01,63.5429789708305,,
1991-03-01,62.27197346600333,,
1991-04-01,62.14254859611232,,
1991-05-01,62.447646171888074,,
1991-06-01,64.87200660611066,,
1991-07-01,68.60310051675278,,
1991-08-01,70.95253576072822,,
1991-09-01,66.84611933602514,,
1991-10-01,66.47536394176929,,
1991-11-01,66.84217541988802,,
1991-12-01,71.1319271583912,,
1992-01-01,78.49825087456273,,
1992-02-01,77.8442758947618,,
1992-03-01,78.69187531936636,,
1992-04-01,73.99296675191816,,
1992-05-01,69.8654153560563,,
1992-06-01,65.79685465290994,,
1992-07-01,65.79662860250137,,
1992-08-01,65.50347057145574,,
1992-09-01,67.66603925786502,,
1992-10-01,69.17934919700666,,
1992-11-01,68.59345663723886,,
1992-12-01,65.96746411483254,,
1993-01-01,59.767620914117735,,
1993-02-01,58.154799586845684,,
1993-03-01,58.011629015346465,,
1993-04-01,58.97106109324759,,
1993-05-01,65.02641005403436,,
1993-06-01,67.235597982056,,
1993-07-01,73.11786278660664,,
1993-08-01,71.242674939676,,
1993-09-01,68.24633148905461,,
1993-10-01,67.20260430903804,,
1993-11-01,69.6189934603355,,
1993-12-01,71.07636246223392,,
1994-01-01,75.23876281433455,,
1994-02-01,76.96504940274296,,
1994-03-01,76.95200176952002,,
1994-04-01,108.04438280166436,,
1994-05-01,113.38042418556738,,
1994-06-01,114.95664739884393,,
1994-07-01,110.12021632048499,,
1994-08-01,111.36329324140708,,
1994-09-01,111.29221872716295,,
1994-10-01,111.04571666369418,,
1994-11-01,109.53817785600535,,
1994-12-01,115.70028445475012,,
1995-01-01,125.0,,
1995-02-01,123.80952380952381,,
1995-03-01,121.59090909090908,,
1995-04-01,87.96296296296293,,
1995-05-01,80.17241379310344,,
1995-06-01,80.67226890756302,,
1995-07-01,81.14754098360655,,
1995-08-01,83.33333333333333,,
1995-09-01,86.46616541353383,,
1995-10-01,84.50704225352115,,
1995-11-01,82.0,,
1995-12-01,76.24999999999997,,
1996-01-01,78.33333333333331,,
1996-02-01,77.1276595744681,,
1996-03-01,78.46153846153847,,
1996-04-01,80.7881773399015,,
1996-05-01,82.29665071770336,,
1996-06-01,82.32558139534885,,
1996-07-01,81.90045248868776,,
1996-08-01,81.81818181818181,,
1996-09-01,79.03225806451614,,
1996-10-01,79.7709923664122,,
1996-11-01,80.21978021978022,,
1996-12-01,80.14184397163122,,
1997-01-01,75.70093457943925,,
1997-02-01,77.77777777777777,,
1997-03-01,77.29885057471265,,
1997-04-01,77.11171662125341,,
1997-05-01,77.69028871391075,,
1997-06-01,78.06122448979593,,
1997-07-01,85.07462686567166,,
1997-08-01,88.09523809523809,,
1997-09-01,89.63963963963961,,
1997-10-01,92.99363057324841,,
1997-11-01,95.93495934959351,,
1997-12-01,99.01574803149605,,
1998-01-01,101.59574468085104,,
1998-02-01,99.32432432432434,,
1998-03-01,97.2447325769854,,
1998-04-01,93.6923076923077,,
1998-05-01,91.28508124076811,,
1998-06-01,90.54441260744986,,
1998-07-01,85.21505376344085,,
1998-08-01,81.26582278481011,,
1998-09-01,80.52256532066508,,
1998-10-01,76.45764576457645,,
1998-11-01,72.71784232365144,,
1998-12-01,69.63402571711177,,
1999-01-01,65.87510993843449,,
1999-02-01,63.89830508474574,,
1999-03-01,63.434675431388676,,
1999-04-01,63.860206513105645,,
1999-05-01,63.01158301158301,,
1999-06-01,64.28571428571428,,
1999-07-01,65.02177068214803,,
1999-08-01,65.43296089385476,,
1999-09-01,64.27631578947368,,
1999-10-01,64.71321695760601,,
1999-11-01,64.62462462462464,,
1999-12-01,68.80466472303209,,
2000-01-01,68.87592788971368,,
2000-02-01,69.64839710444674,,
2000-03-01,67.92357968828556,,
2000-04-01,63.7905962190984,,
2000-05-01,62.71909047844624,,
2000-06-01,58.58123569794049,,
2000-07-01,56.200527704485516,,
2000-08-01,53.186998733642874,,
2000-09-01,49.01882258710452,,
2000-10-01,44.43603330809991,,
2000-11-01,43.779642466253186,,
2000-12-01,38.99827288428326,,
2001-01-01,35.918367346938766,,
2001-02-01,33.4044498628467,,
2001-03-01,37.51497005988025,,
2001-04-01,48.29831311038768,,
2001-05-01,52.40174672489082,,
2001-06-01,56.10389610389612,,
2001-07-01,56.27815315315314,,
2001-08-01,57.508955635161186,,
2001-09-01,61.78446654125236,,
2001-10-01,66.48322851153041,,
2001-11-01,67.31793960923625,,
2001-12-01,68.4890656063618,,
2002-01-01,73.20397320397322,,
2002-02-01,73.10943568654326,,
2002-03-01,65.09906379272805,,
2002-04-01,52.704051087607255,,
2002-05-01,46.208213944603635,,
2002-06-01,42.595673876871864,,
2002-07-01,41.30787245541343,,
2002-08-01,40.20293911826454,,
2002-09-01,36.993355481727576,,
2002-10-01,33.40154257830945,,
2002-11-01,31.801637852593267,,
2002-12-01,29.70501474926255,,
2003-01-01,26.39273139503868,,
2003-02-01,27.004170516035387,,
2003-03-01,29.394144797573517,,
2003-04-01,29.491531625718782,,
2003-05-01,30.704873268879005,,
2003-06-01,29.803306106573313,,
2003-07-01,27.39425038245793,,
2003-08-01,24.894796605939607,,
2003-09-01,23.001333818358184,,
2003-10-01,20.79808849557523,,
2003-11-01,19.291255321597056,,
2003-12-01,18.403468273823066,,
2004-01-01,10.592916881178871,8.667854522586737,16.316865784092126
2004-02-01,9.479860244706861,7.150964812712823,16.37675010606703
2004-03-01,8.400148064229395,5.979194020805978,15.625327053898497
2004-04-01,7.87261325712818,5.347326336831593,15.439725885162492
2004-05-01,7.308186371837033,4.706232042009306,15.081563558017862
2004-06-01,7.081603986684026,4.640047794483726,14.21084458778472
2004-07-01,7.792716859780602,5.481511173464271,14.413875598086134
2004-08-01,8.446040286064571,6.365834004834814,14.242483404919959
2004-09-01,8.01200127761259,6.1222454880845545,13.251861752911974
2004-10-01,9.42536745292224,7.891881227187536,13.66831306990881
2004-11-01,9.47571970107266,7.9200232941861515,13.853880413152652
2004-12-01,9.353327825157699,7.739130434782604,13.895969036155954
2005-01-01,9.237740212827061,7.52314814814814,14.092717682983258
2005-02-01,8.691081645691767,7.1648690292758,13.060517681370754
2005-03-01,7.942919716360497,6.080243972171928,13.296524257784203
2005-04-01,8.179008519693355,6.461100569259948,13.095880554056482
2005-05-01,8.697748068446899,7.1063588190764415,13.265579031826679
2005-06-01,8.957234215612386,7.3936625749357665,13.466290151782578
2005-07-01,7.821406011929977,5.909177275318256,13.364697682523087
2005-08-01,7.909768528801897,6.268939393939399,12.680509271127072
2005-09-01,7.998329051459252,6.567697077891577,12.198617433822289
2005-10-01,7.519942070451147,5.897412453140705,12.225286203726915
2005-11-01,7.612258951711759,5.998740893965282,12.284644194756545
2005-12-01,7.717102656726205,6.133979015334945,12.275176129299625
2006-01-01,7.930823652720753,6.77251524937208,11.19221411192215
2006-02-01,8.147760020958872,7.0273184759166,11.229343006852076
2006-03-01,8.161309990418953,7.178151109513964,10.833266757210191
2006-04-01,8.829888437256784,7.93155690223688,11.293144584062365
2006-05-01,9.863741537406788,9.24109903701742,11.593860684769774
2006-06-01,10.118996661244761,9.595959595959602,11.518121014154591
2006-07-01,11.692784570346127,11.76892716182274,11.450968336919765
2006-08-01,10.262101938017597,9.882373908394237,11.192841434746326
2006-09-01,10.546775965520162,10.007053429730206,11.864152077541501
2006-10-01,9.97924449979244,9.238473493351762,11.898734177215186
2006-11-01,9.857540527263797,9.12947564907518,11.778222518716186
2006-12-01,9.653485527925,8.694550063371342,12.210246567252314
2007-01-01,9.929594561786859,9.08174409812652,12.202771699489446
2007-02-01,10.158268733850107,9.420654911838788,12.132193071459628
2007-03-01,10.86326300531486,10.410729253981565,12.073812441432995
2007-04-01,10.719961856325511,10.304681694327478,11.755037873374285
2007-05-01,9.227769110764438,8.58875859280226,10.847792354351803
2007-06-01,8.59830521651248,7.745169375050542,10.893367738336002
2007-07-01,6.899475794017884,5.70626003210275,10.177906495655776
2007-08-01,7.394502516453727,6.771551374584384,9.1591079588079
2007-09-01,7.124837550645968,6.6923138574978,8.409457281031706
2007-10-01,7.699856571299146,7.413847613025615,8.537396859196168
2007-11-01,8.399165300342815,8.25688073394495,8.746684350132616
2007-12-01,8.387240687039931,8.294465174129373,8.64473684210525
2008-01-01,8.171378091872782,8.040665434380777,8.548397581746059
2008-02-01,9.104236915408315,9.315531000613886,8.486297828335054
2008-03-01,9.152320767051659,9.2165198906772,8.927193208129669
2008-04-01,9.660518194215161,9.783666442098959,9.246115480529449
2008-05-01,10.740555595229594,11.022566470544405,9.85619750572666
2008-06-01,10.609206099219692,10.857657387258946,9.911326331677262
2008-07-01,12.064613831398297,12.679371346139234,10.401802478407806
2008-08-01,11.766402307137724,12.038584232113013,11.10208671748094
2008-09-01,11.125383572397052,11.03515625,11.468401486988844
2008-10-01,11.985701268661963,12.354672553348035,10.961927533566307
2008-11-01,10.759711240976277,10.715311692042517,10.878712116592482
2008-12-01,10.063799135624606,9.927499820544107,10.463848855516522
2009-01-01,9.500476384919022,9.366980325064155,9.887411666067813
2009-02-01,7.7331362536952275,7.216060648603118,9.26422400953233
2009-03-01,7.885805550009972,7.750590852217409,8.284128483703345
2009-04-01,6.126055370115857,5.632074185190228,7.6148668422592936
2009-05-01,5.236344876507393,4.722613537264397,6.7767158992180665
2009-06-01,5.734256682415384,5.557059699472022,6.265377353092627
2009-07-01,5.392535392535391,5.208543898659124,5.924036281179124
2009-08-01,5.334795510256729,5.24710189139721,5.5896080526345315
2009-09-01,5.272283585923465,5.270279412759615,5.258184647879505
2009-10-01,5.076046817299851,4.964306765341542,5.425714127852355
2009-11-01,5.530726256983232,5.695381421899337,5.054171478853875
2009-12-01,6.525804038893046,7.006660572025614,5.136498190987826
2010-01-01,8.18520820385331,9.196975622474257,5.351790288299085
2010-02-01,10.127845338322427,11.640696608615952,5.910577971646669
2010-03-01,9.560819146311372,10.476743435907366,7.012377992256957
2010-04-01,10.194264569842737,11.605990188484384,6.249320134885217
2010-05-01,9.099822293032656,10.191531612324646,6.048277732573903
2010-06-01,8.367509334639145,9.394036550176343,5.481369804006042
2010-07-01,7.577237757968014,8.402715511720249,5.24484880920526
2010-08-01,8.334864351766802,9.57165861513689,4.851680247110823
2010-09-01,9.235649362532783,11.060411311053997,4.203411311189731
2010-10-01,8.619251846557074,10.370000623947085,3.731460615271742
2010-11-01,7.28780659961179,8.469375230146081,3.9838760339231394
2010-12-01,6.401029781756473,7.176420333190947,4.233797382553828
2011-01-01,4.900327454472331,5.0916253805288525,4.319486834617958
2011-02-01,4.156520754289605,4.134412385643893,4.21128500823722
2011-03-01,3.986037608377435,4.128467153284676,3.5617834394904513
2011-04-01,4.264607118871733,4.331983805667994,4.105451753263378
2011-05-01,7.1725454953943,8.16184164632019,4.434782608695653
2011-06-01,6.2358788974243184,6.664712778429083,5.017866258295034
2011-07-01,6.311368409103801,6.6288550159517845,5.385202135774225
2011-08-01,6.653476540418302,6.995473517135964,5.66842746850873
2011-09-01,6.154017981794824,6.070250564203472,6.359904728120402
2011-10-01,7.655607348505633,8.038894228051351,6.628606072854049
2011-11-01,9.484649122807,10.512617404096414,6.650556310728484
2011-12-01,10.448171569975262,11.968342538290733,6.272822770246611
2012-01-01,10.61336254107339,12.171986822674086,6.337399583457315
2012-02-01,10.433317022780408,11.944585233992244,6.269143365280128
2012-03-01,10.427720628045488,11.978465679676997,6.170045266679791
2012-04-01,11.13794954374665,12.750152447474928,6.731572995033686
2012-05-01,8.280488444001888,8.771364076104483,6.920703335455758
2012-06-01,8.868566567418101,9.52904324888717,6.945997180770913
2012-07-01,9.06518605520259,9.790558510638302,6.914688284115034
2012-08-01,8.883235278528655,9.537937475962877,6.945779657758133
2012-09-01,9.185122836551107,9.956355701036546,6.92776824852297
2012-10-01,7.798889511486928,8.02155826487363,7.126273394930105
2012-11-01,6.36955433149724,6.133524472660268,7.01000755287009
2012-12-01,6.163803833706738,5.822527332824801,7.093433749117439
2013-01-01,7.3076542231904185,7.387715833713093,7.102219735124038
2013-02-01,7.025403702244959,6.967501760740524,7.210264515829112
2013-03-01,7.290645224553827,7.286658653846145,7.322272685142273
2013-04-01,6.133784110118312,5.727911893406756,7.260665253846854
2013-05-01,6.51468951164027,6.166617254669449,7.457627118644061
2013-06-01,8.297519046688805,8.454166875721224,7.881101718025629
2013-07-01,8.884428997993044,9.230381024476397,7.974906350137667
2013-08-01,8.16823248795211,8.150674625068977,8.184637511798275
2013-09-01,7.882437966754985,7.740014884643998,8.216736476249897
2013-10-01,7.711936489934779,7.648711490021309,7.864124906010872
2013-11-01,7.315695320591287,7.071876507477093,7.958004323084378
2013-12-01,7.400459597617592,7.184046131667476,7.981715893108299
2014-01-01,7.751222663098645,7.718785364013558,7.963599947751132
2014-02-01,7.889047334284016,7.750552603113392,8.342728297632473
2014-03-01,8.385504729698855,8.36017364514774,8.597460920632184
2014-04-01,9.38339021615473,9.765625,8.61180310969849
2014-05-01,9.6560185395556,10.169412640789343,8.513087219711824
2014-06-01,9.163472378804949,9.590118430792005,8.181664981462733
2014-07-01,9.31936702032008,9.605433376455363,8.623139943153312
2014-08-01,9.536024481346473,9.739356274928124,8.96136269214789
2014-09-01,8.856236880889657,8.768132627216207,8.959894589475415
2014-10-01,8.96288496972888,8.891688790892328,9.172919998359784
2014-11-01,9.150728197929459,9.294467471616507,8.813794794263075
2014-12-01,8.169948910527935,7.99372338040798,8.584337349397586
2015-01-01,7.2407296394621845,6.622893412125208,8.723181158251325
2015-02-01,7.5466871322589,7.092662913011227,8.628832146001763
2015-03-01,7.610253815667423,7.228396657189617,8.533142470873578
2015-04-01,7.912801098306765,7.570750720216912,8.735714003242755
2015-05-01,8.092988562904036,7.777449199442343,8.850913376546842
2015-06-01,7.204527615978851,6.513571699945131,8.851935508996034
2015-07-01,6.814162931282652,6.137503688403667,8.415746334705808
2015-08-01,7.140509449465893,6.499873214436658,8.651389789148588
2015-09-01,7.946992697136301,7.692959058385207,8.540548711359698
2015-10-01,7.581430929661392,7.1283937352783155,8.646334134615374
2015-11-01,8.102242585001207,7.803289500803823,8.802102891475784
2015-12-01,8.80833198772808,8.792759880438394,8.850320500805942
2016-01-01,9.578758235176688,9.770917152475555,9.158351570903967
2016-02-01,8.777354900095148,8.660743397456795,9.059759781887845
2016-03-01,7.4599380950515215,6.861642294713177,8.858765341637675
2016-04-01,6.56540344654768,5.651608837777156,8.757637474541768
2016-05-01,6.582327007858901,5.675760426465981,8.741157788364372
2016-06-01,7.637470617702591,7.371591629676599,8.24657436227685
2016-07-01,8.793408793408775,8.896302474284123,8.546887200965415
2016-08-01,8.045095482782427,8.003968253968253,8.085345311622682
2016-09-01,7.2821253468131175,6.852492530272047,8.192326439662967
2016-10-01,7.159431137724548,6.870081777503478,7.802668879209018
2016-11-01,7.000520484794404,6.5922300397675215,7.941602816318083
2016-12-01,8.533056318171695,8.71937724185301,8.113506439837458
2017-01-01,9.218772773648155,9.634228438925874,8.271034389017284
2017-02-01,10.128289233909182,10.903567007989201,8.367960541873586
2017-03-01,11.29179275896015,12.469924812030087,8.642681654494666
2017-04-01,11.869618696186969,13.199880712741386,8.871722846441932
2017-05-01,11.722178260556815,12.904302670623125,9.064055758380363
2017-06-01,10.90108473848137,11.667650967075138,9.181649920676872
2017-07-01,9.788378512279717,9.967540756409775,9.381335426067627
2017-08-01,10.679301533219764,11.257669838703755,9.399350649350646
2017-09-01,11.198497892089133,11.950402884580003,9.554304102976662
2017-10-01,11.898857961093846,12.918245804006489,9.63024725010424
2017-11-01,12.98426044960217,14.575261874013478,9.422861710631514
2017-12-01,11.91973747179873,12.99357691902705,9.473147735236044
2018-01-01,10.345632881830923,10.831002251483923,9.227292699767741
2018-02-01,10.259125657742342,10.650027056277068,9.36779100941456
2018-03-01,10.23456951906696,10.656148678009147,9.256218828412987
2018-04-01,10.849529476441466,11.499324925083144,9.266824338851865
2018-05-01,12.1470654518528,13.246164460067678,9.518882565959629
2018-06-01,15.385112014978386,17.26440353022842,10.964460858509417
2018-07-01,15.849020113460544,17.94242504643142,11.037039251442415
2018-08-01,17.89642456309124,20.531026055942682,11.841519513280918
2018-09-01,24.518924429718346,29.095868800736202,13.970156268358602
2018-10-01,25.24032459425718,29.647743255338188,14.757503071432755
2018-11-01,21.618795743895692,24.46538714424371,14.668926421600137
2018-12-01,20.30176231636174,22.681949492125607,14.46403631284916
2019-01-01,20.35374149659863,22.367570562344174,15.395666915694516
2019-02-01,19.671639103160544,21.508695785065868,15.138386112932189
2019-03-01,19.712910128388007,21.528470019634494,15.205988261646208
2019-04-01,19.50230468522085,21.252842671077122,15.145893067970984
2019-05-01,18.71160360567261,20.127063328595042,15.146294701158691
2019-06-01,15.720120859444942,16.005186605028765,14.91706678306417
2019-07-01,16.646726579672233,17.451211967830837,14.57340548690198
2019-08-01,15.008431703204028,15.302208340183011,14.18866923178983
2019-09-01,9.262102138982709,7.991344195519345,12.54123711340207
2019-10-01,8.552844718020292,7.261027145639698,12.013458744360328
2019-11-01,10.56184889248508,9.946419138178264,12.160440344528812
2019-12-01,11.836092210825644,11.652107861754658,12.298228221357931
2020-01-01,12.153641319365939,12.10634872723615,12.201195219123505
2020-02-01,12.367384816031702,12.267947879458664,12.489478635440898
2020-03-01,11.85918919589881,11.59027639689798,12.41632211065169
2020-04-01,10.936698972243253,10.593106807940567,11.757238416092953
2020-05-01,11.390017411491593,11.439542128522785,11.276544401544397
2020-06-01,12.622391992843852,12.93920396559265,11.758142626531187
2020-07-01,11.764144642686759,11.697950584179285,11.798571294294579
2020-08-01,11.77040961120046,11.684052942993617,11.82608291503997
2020-09-01,11.748313975271628,12.072420377660942,10.836806668804112
2020-10-01,11.889620973851557,12.288525193085697,10.91616602949208
2020-11-01,14.026300743281862,15.141739309492763,11.423637933384834
2020-12-01,14.599318955732121,15.865024831621199,11.664440772347607
2021-01-01,14.973681263299365,16.48679575489689,11.524633821571229
2021-02-01,15.610910227222007,17.324281329121007,11.741015427276125
2021-03-01,16.190243685915927,17.808219178082197,12.564310265560351
2021-04-01,17.140153599014152,18.855166945643553,13.124208134911974
2021-05-01,16.592853111024255,17.862870021236944,13.623056404918366
2021-06-01,17.525330585608813,19.288280728931362,13.458801537905995
2021-07-01,18.951681748335325,21.19432417370428,13.752443407528858
2021-08-01,19.25266075622607,21.58936170212766,13.87751709232976
2021-09-01,19.582573709687566,21.5544804375263,15.056407289557416
2021-10-01,19.890024211087876,21.71136131013305,15.432592683777502
2021-11-01,21.31252757832245,22.98460009935419,16.881448554300405
2021-12-01,36.08090172540164,41.09760632571975,22.32718426920739
2022-01-01,48.69082407948571,55.8237186278098,29.560424253278427
2022-02-01,54.43856668468605,62.530794645073804,32.88888013550242
2022-03-01,61.144538039844896,70.3781433163169,36.72203205227946
2022-04-01,69.9710700330628,80.44102659130918,42.18321554087976
2022-05-01,73.49595009775626,83.95263748184377,45.77536024429809
2022-06-01,78.61839701906919,89.9412019334824,48.690393724374225
2022-07-01,79.6020525333716,90.17013901170812,51.450480413895036
2022-08-01,80.20759403832504,89.89273277687369,54.29843610284859
2022-09-01,83.45249360389727,93.06937546507001,57.76061776061776
2022-10-01,85.51478641840087,94.86342841765341,60.24207738655956
2022-11-01,84.38925996957872,93.01363665740321,60.71945709251408
2022-12-01,64.26959749617876,67.31353428305893,55.493503910910746
2023-01-01,57.682481034550534,55.76335925042335,62.420900657369295
2023-02-01,55.179828234970564,52.723662256480154,61.64391682598966
2023-03-01,50.50851073917786,47.098642815132095,59.92858870222057
2023-04-01,43.68416980735861,38.57458279845956,58.62068965517244
2023-05-01,39.5853009358633,32.46676661669166,59.947105879888475
2023-06-01,38.21351876469987,30.922695634833985,59.451019894233156
2023-07-01,47.83173331468586,40.220039804326404,69.65046056243519
2023-08-01,58.943533697632056,51.500211946405194,79.57400004730704
2023-09-01,61.52986464671548,52.39179341931899,86.46199729080581
2023-10-01,61.35701107011069,51.53118472613028,88.64647226504874
2023-11-01,61.980166059932216,52.128746023773665,89.70757440896165
2023-12-01,64.77291860516638,55.45523885323913,90.66300050090057
2024-01-01,64.85691494665468,55.65307790589713,89.71621481054196
2024-02-01,67.0691919151233,57.030089938989214,94.36487998092898
2024-03-01,68.49537310494189,58.17358832182868,96.47854124972201
2024-04-01,69.80246761638105,59.67377368697988,96.99470863229276
2024-05-01,75.44594802398893,67.57864079135007,95.92930930046002
2024-06-01,71.59715594226061,62.55620992776119,95.26674879181279
2024-07-01,61.78100335171371,52.67455048317671,85.63220044011679
2024-08-01,51.974527816838176,42.12828077004958,77.83083174720262
2024-09-01,49.38499384993848,40.27008269518062,72.91657763804524
2024-10-01,48.58470879475847,40.363748212871876,69.78386387422242
2024-11-01,47.0927207306947,39.04519267276718,67.89094238141557
2024-12-01,44.37877141842981,36.13838416699111,65.73020832751072
2025-01-01,42.11802300380037,33.646375038238,62.94592344845806
2025-02-01,39.05095762532065,30.52625390121655,59.777532478559905
2025-03-01,38.103829453088856,30.501700315261825,56.33683581494948
2025-04-01,37.85866364665911,30.794721965663996,54.60235224576011
2025-05-01,35.40504415277077,28.695569953668908,51.189217869392834
2025-06-01,35.04865713213958,28.438467647662446,50.33686781678919
2025-07-01,33.52240925608789,26.956193090984915,48.536971824165434
2025-08-01,32.950182200591826,27.22347282017925,45.765944602667275
2025-09-01,33.294011464040274,28.12696549121556,44.65976571602071
2025-10-01,32.86685572028274,27.651121643995722,44.43647949024292
